Response ID,Date submitted,Last page,Start language,Seed,In which language do you prefer to express yourself?,Which specific subjects within statistical or scientific research pique your interest? [Statistical Tests (parametric and non-parametric)],"Which specific subjects within statistical or scientific research pique your interest? [Linear Modeling / Regression analysis (glm, multilevel, etc.)]","Which specific subjects within statistical or scientific research pique your interest? [Longitudinal analysis (survival, panel, time series, etc.)]",Which specific subjects within statistical or scientific research pique your interest? [Data Visualization],Which specific subjects within statistical or scientific research pique your interest? [Bayesian Statistics],"Which specific subjects within statistical or scientific research pique your interest? [Multivariate Statistics (PCA, Cluster, SEM, etc.)]",Which specific subjects within statistical or scientific research pique your interest? [Survey design and analysis],Which specific subjects within statistical or scientific research pique your interest? [Network analysis],Which specific subjects within statistical or scientific research pique your interest? [Spatial statistics],Which specific subjects within statistical or scientific research pique your interest? [Scientific simulation],Which specific subjects within statistical or scientific research pique your interest? [Report production],Which specific subjects within statistical or scientific research pique your interest? [Scientific publication / Reproducibility / Version control],Which programming language(s) interest you? [R],Which programming language(s) interest you? [Python],Which programming language(s) interest you? [Julia],Which programming language(s) interest you? [Other],On a scale from 1 (no experience) to 5 (expert) what is your current proficiency level in programming using the R language?,On a scale from 1 (no experience) to 5 (expert) what is your current proficiency level in programming using the Python language?,Would you like to provide any additional information or context about your programming experience?,"How often would you be interested in participating in ""data meetups""  ?","Would you like to be mentored? If so, we would love to hear more about your interests and needs in the comment section (discipline, needs and any useful information).","Would you like to be mentored? If so, we would love to hear more about your interests and needs in the comment section (discipline, needs and any useful information). [Comment]","Are you open to the possibility of mentoring another PhD student? Your participation is entirely voluntary, and you may decline later if you do not feel it aligns with your current commitments. Please let us know more about you in the comment section (subject or field you are comfortable mentoring in).","Are you open to the possibility of mentoring another PhD student? Your participation is entirely voluntary, and you may decline later if you do not feel it aligns with your current commitments. Please let us know more about you in the comment section (subject or field you are comfortable mentoring in). [Comment]","We are excited to introduce a new initiative aimed at fostering collaboration and knowledge-sharing within our university community. We are creating a local online communication platform where individuals can freely engage in discussions, seek answers to questions, and exchange ideas related to statistics and research. Your participation will enrich this platform and contribute to a vibrant community of learners and researchers.","Would you like to join this local online communication platform at the university, where everyone is free to ask and answer questions and exchange ideas about statistics and research?","The community's aim will also be to bring together as many free educational resources as possible, so that everyone can learn for themselves if they wish. You don't have to be the author of these resources to share them, as long as they are freely and legally available.  Would you like to share free teaching materials? If so, let us know in the comments section what type of resource you found.","The community's aim will also be to bring together as many free educational resources as possible, so that everyone can learn for themselves if they wish. You don't have to be the author of these resources to share them, as long as they are freely and legally available.  Would you like to share free teaching materials? If so, let us know in the comments section what type of resource you found.  [Comment]"
52,1980-01-01T00:00:00Z,6,en,351499552,English,Yes,Yes,No,Yes,No,Yes,No,No,No,No,No,No,Yes,Yes,No,NA,2,2,NA,Once a month,Yes,"Dear Team, 

I would like to be mentored, since I wanna improve my data analyzing skills. I want to become an expert in the field of biological data analysis, so I can use my skills for my job after finishing my PhD",No,NA,NA,Yes,Yes,NA
70,1980-01-01T00:00:00Z,6,en,1240134604,Both are fine,Yes,No,No,Yes,No,Yes,No,No,No,No,No,No,Yes,Yes,No,NA,3,2,I used R in a 2-month project 2 years ago. I had a basic course in Python during my Bachelor studies.,Once a month,Yes,"As I am starting my PhD, I don't have a need currently but I would be interested in being mentored  in the future for the analysis of sequencing data (metagenomics and RNA-seq)",No,NA,NA,Yes,No,NA
71,1980-01-01T00:00:00Z,6,en,2147349839,English,No,No,Yes,Yes,No,No,No,No,No,Yes,Yes,Yes,Yes,Yes,No,NA,3,4,NA,Once every three months,Yes,"I would like to know more about code structure, specifically how to clearly and quickly organize code when starting a project",No,NA,NA,Yes,Yes,Some youtube vides about reinforcement learning
74,1980-01-01T00:00:00Z,6,en,895725137,French,Yes,Yes,Yes,Yes,Yes,Yes,No,Yes,Yes,Yes,Yes,Yes,Yes,Yes,Yes,Nim,4,3,NA,Once per semester,No,NA,Yes,I am just testing the survey,NA,Yes,Yes,The big book of R is a nice start: https://www.bigbookofr.com/
75,1980-01-01T00:00:00Z,6,en,907999242,English,Yes,Yes,No,Yes,No,Yes,No,No,No,No,No,No,Yes,No,No,NA,3,1,NA,Once a month,Yes,NA,Yes,NA,NA,Yes,Yes,NA
77,1980-01-01T00:00:00Z,6,en,2071807314,English,Yes,No,No,No,No,No,No,No,No,No,No,No,Yes,No,No,NA,1,1,CECI est un test de ARIK,I am not interested,Yes,NA,Yes,NA,NA,Yes,Yes,NA
80,1980-01-01T00:00:00Z,6,en,951092423,Both are fine,No,No,No,Yes,No,No,No,Yes,No,No,No,No,Yes,No,No,NA,3,1,NA,Once per semester,No,NA,No,NA,NA,Yes,Yes,NA
81,1980-01-01T00:00:00Z,6,en,46211824,English,Yes,Yes,Yes,Yes,Yes,Yes,No,Yes,No,No,No,No,No,Yes,No,NA,2,4,NA,Once every three months,No,NA,No,NA,NA,Yes,Yes,NA
82,1980-01-01T00:00:00Z,6,en,1136183576,Both are fine,No,Yes,No,Yes,No,Yes,Yes,Yes,No,No,No,No,Yes,Yes,No,NA,3,3,NA,Once a month,Yes,NA,No,NA,NA,Yes,Yes,NA
83,1980-01-01T00:00:00Z,6,en,891730555,English,Yes,Yes,Yes,Yes,No,No,Yes,No,Yes,Yes,No,Yes,Yes,No,No,NA,1,1,NA,Once per semester,Yes,Data analysis using R,Yes,Research design,NA,Yes,Yes,NA
84,1980-01-01T00:00:00Z,6,en,1252899270,Both are fine,Yes,Yes,Yes,Yes,Yes,Yes,Yes,Yes,Yes,Yes,Yes,Yes,Yes,Yes,No,Statistica,1,1,"J'arrive de la faculté des lettres, donc je n'ai aucune expérience en méthodologie et statistique",Once a month,Yes,"I am a PhD student in psycholinguistics. I have a master's degree in linguistics from the Faculty of Humanities in Geneva. I have no experience in methodology and statistics, and I have very little time to take the courses normally provided for master's students. I would need to be guided in a targeted manner to learn quickly what I really need",No,NA,NA,Yes,No,I have no teaching materials to share for the moment
85,1980-01-01T00:00:00Z,6,en,235770709,English,Yes,Yes,No,Yes,No,No,Yes,No,No,Yes,No,No,Yes,Yes,No,NA,3,4,NA,Once every three months,No,NA,No,NA,NA,Yes,No,NA
86,1980-01-01T00:00:00Z,6,en,956962691,English,Yes,Yes,No,Yes,No,No,Yes,Yes,No,No,Yes,Yes,Yes,Yes,No,Stata,1,2,NA,Once a month,Yes,"I will like to learn about Stata, R, and Data Analysis as Trade Researcher. As I have a law background, these are research skill required when I tru to apply for trade resaerch opportunities.",Yes,"Yes, I am. It's a way to pay it forward. Also, when you mentor/teach others you also improve your own expertise and knowledge",NA,Yes,Yes,NA
87,1980-01-01T00:00:00Z,6,en,772270837,English,No,Yes,Yes,Yes,No,No,Yes,No,Yes,No,Yes,No,Yes,No,No,NA,1,1,NA,Once every three months,Yes,NA,No,NA,NA,Yes,No,NA
90,1980-01-01T00:00:00Z,6,en,1810234222,English,Yes,No,No,Yes,No,No,Yes,No,Yes,No,Yes,Yes,Yes,Yes,No,NA,1,2,NA,Once a month,Yes,NA,Yes,NA,NA,Yes,Yes,NA
92,1980-01-01T00:00:00Z,6,en,273592046,English,Yes,Yes,Yes,Yes,No,No,No,No,No,No,No,Yes,Yes,No,No,NA,2,1,NA,Once a month,Yes,"I am a phd in the political science department and my research is in the field of political economy. I started taking quantitative methods classes at the beginning of my PhD but would love some mentorin, i.e., to disucss things like what models would be the most appropriate etc. - basically someone i could ask some questions to, to get some feedback about whether or not I am ""on the right track"".",No,I do not feel I have the level to mentor someone at this stage.,NA,Yes,Yes,NA
93,1980-01-01T00:00:00Z,6,en,2122477257,Both are fine,No,No,No,Yes,No,Yes,No,No,No,No,No,No,No,Yes,No,Matlab,1,3,NA,Once a month,Yes,I work in the field of neuroscience and as a part of my work data analysis is essential. I use to use Matlab a lot but now I would like to explore other lenguajes and discover new tools.,Yes,"Yes, I feel confortable mentoring people. Specifically, from the biology background or Neurosciences as me.",NA,Yes,Yes,NA
94,1980-01-01T00:00:00Z,6,en,1240327236,Both are fine,Yes,Yes,Yes,Yes,Yes,Yes,Yes,No,No,No,Yes,Yes,Yes,Yes,No,NA,3,1,NA,Once every three months,No,NA,No,"Not for now, may be later",NA,Yes,Yes,Many links to share (from basic data viz to bayesian modeling)
95,1980-01-01T00:00:00Z,6,en,840183567,English,Yes,No,No,Yes,No,Yes,No,Yes,No,No,No,No,Yes,Yes,No,NA,3,1,NA,Once every three months,Yes,Genomics and proteomics data analysis and visualization,No,NA,NA,Yes,Yes,I am keen to share resources that I find interesting for myself
97,1980-01-01T00:00:00Z,6,en,1607972036,Both are fine,No,Yes,No,Yes,No,No,No,No,No,No,Yes,No,No,Yes,No,Matlab,1,1,J'ai eu des cours sur R et Matlab pendant 1-2 semestres en Bachelor mais je n'ai plus utilisé depuis.,Once a month,Yes,"I am doing a PhD in the Life Sciences department and for now I would like to learn how to use Matlab/Python for linear regression analysis, plotting and data representation. With the years I will maybe want to explore more.",No,NA,NA,Yes,No,NA
99,1980-01-01T00:00:00Z,6,en,632173357,Both are fine,Yes,Yes,No,Yes,No,No,No,No,No,No,Yes,Yes,Yes,No,No,NA,1,1,NA,I am not interested,No,NA,No,NA,NA,No,No,NA
100,1980-01-01T00:00:00Z,6,en,789890458,English,Yes,Yes,Yes,Yes,Yes,Yes,No,No,No,Yes,Yes,Yes,No,Yes,No,NA,1,4,NA,Once a month,No,NA,Yes,NA,NA,Yes,Yes,NA
102,1980-01-01T00:00:00Z,6,en,630164692,Both are fine,No,No,No,No,No,No,No,No,No,No,No,Yes,Yes,No,No,NA,1,1,NA,Once a month,Yes,NA,No,NA,NA,Yes,Yes,NA
103,1980-01-01T00:00:00Z,6,en,54947620,English,Yes,No,No,No,No,No,No,No,No,No,No,Yes,Yes,No,No,NA,1,1,NA,Once a month,Yes,NA,No,NA,NA,Yes,Yes,NA
105,1980-01-01T00:00:00Z,6,en,1546763728,Both are fine,No,No,No,No,Yes,No,No,No,Yes,Yes,No,No,Yes,Yes,No,NA,5,3,I also code in Javascript and have some HTML and CSS knowledge.,Once per semester,No,NA,Yes,NA,NA,Yes,No,NA
109,1980-01-01T00:00:00Z,6,en,490383706,French,Yes,Yes,Yes,Yes,No,Yes,Yes,No,No,No,No,Yes,No,Yes,No,NA,1,4,NA,Once a month,Yes,"I am working on EEG, fmri and behavioural datasets analysis.",No,NA,NA,Yes,Yes,NA
111,1980-01-01T00:00:00Z,6,en,27400780,English,Yes,Yes,Yes,Yes,No,Yes,Yes,Yes,No,No,No,No,Yes,Yes,No,NA,2,1,NA,Once a month,Yes,NA,No,NA,NA,Yes,No,NA
112,1980-01-01T00:00:00Z,6,en,1300704808,English,Yes,Yes,No,Yes,No,Yes,No,No,No,No,Yes,Yes,Yes,Yes,No,NA,1,2,NA,Once a month,Yes,"I am really interested in reproducibility and overall good research practices and quality assurance of my own work, but I am not sure how to approach this.",Yes,"Overall, my background is in Neuroscience, I have worked in the pharma industry before my PhD, so I might be helpful for students who are unsure about their future career. 
I have been told that I give great feedback for oral presentations, slides and posters. Having studied in an English-speaking country, I am also comfortable with academic writing in English, but of course I am no expert :)",NA,Yes,No,NA
113,1980-01-01T00:00:00Z,6,en,71015540,French,No,No,No,Yes,No,No,Yes,Yes,No,No,No,No,Yes,Yes,No,NA,1,1,NA,Once every three months,Yes,NA,No,NA,NA,Yes,No,NA
115,1980-01-01T00:00:00Z,6,en,1574490344,French,Yes,No,No,Yes,No,No,No,No,No,No,No,Yes,No,No,No,Spss,1,1,"Dans mon domaine médical , j'utilise habituellement SPSS et Epi info.",Once a month,Yes,Je m'intéresse à la recherche en éducation médicale.,Yes,"Oui c'est très intéressant dans le domaine médical sur ces  thèmes : diabète, syndrome métabolique, obésité. Et en éducation médicale ,sur le thème de  : la pratique du Feedback avec les étudiants en médecine .",NA,Yes,Yes,Oui je souhaiterais mais je vais d'abord me documenter pour préciser quel  type de ressource .
116,1980-01-01T00:00:00Z,6,en,1993560807,French,Yes,Yes,No,No,No,No,No,No,No,No,No,No,No,No,No,SPSS,1,1,NA,Once a month,Yes,It would be great to work on my analysis in a space where there is someone who can answer my questions et guide me,No,Maybe later...,NA,Yes,Yes,NA
119,1980-01-01T00:00:00Z,6,en,184537117,English,Yes,Yes,No,Yes,No,No,No,Yes,No,No,No,No,Yes,Yes,No,NA,1,1,NA,Once a month,Yes,statistics and data visualization for clinical research (I am an orthopedic surgeon),No,NA,NA,Yes,Yes,NA
121,1980-01-01T00:00:00Z,6,en,1137485318,English,Yes,Yes,Yes,Yes,No,Yes,Yes,No,No,No,No,Yes,Yes,Yes,No,NA,1,1,NA,Once every three months,Yes,basic biology research,No,NA,NA,Yes,No,NA
124,1980-01-01T00:00:00Z,6,en,673403873,Both are fine,Yes,Yes,No,Yes,No,Yes,No,No,No,No,No,No,No,Yes,No,NA,2,3,NA,Once per semester,No,NA,No,NA,NA,Yes,Yes,NA
126,1980-01-01T00:00:00Z,6,en,17024728,English,Yes,Yes,Yes,Yes,No,Yes,Yes,No,No,No,No,No,Yes,Yes,No,NA,1,1,"I have only taken some introductory courses on R and Python (Google Colab). Unfortunately, I find these are skills difficult to develop and much more difficult to keep without proper constant practice. I lack a context for practice, so eveytime I try to train in these skills, I feel like climbing down to ground level.",Once a month,Yes,I would like to consolidate my knowledege on basic-intermediate statistics so I can later on try to tackle other more advanced and specific topics/techniques,No,"I'd love to become a mentor eventually, but first I must feel confident that I can actually mentor someone into some particular skills.",NA,Yes,No,"Nothing to share yet, but if I find something interesting I'll consult if it is shareable"
129,1980-01-01T00:00:00Z,6,en,52275842,French,Yes,Yes,No,Yes,No,No,Yes,No,No,No,No,No,Yes,Yes,No,NA,1,1,NA,Once every three months,Yes,NA,Yes,NA,NA,Yes,No,NA
130,1980-01-01T00:00:00Z,6,en,1149052913,Both are fine,Yes,Yes,No,Yes,No,No,No,No,Yes,No,Yes,No,Yes,No,No,NA,3,1,NA,Once a month,Yes,i work with regular and spatial transcriptomics in the context of alzheimer's disease on rstudio,No,NA,NA,Yes,Yes,the Seurat vignette for anything RNA related
131,1980-01-01T00:00:00Z,6,en,1502544924,Both are fine,Yes,Yes,No,Yes,No,Yes,No,No,No,No,No,Yes,Yes,Yes,No,NA,2,3,NA,Once a month,No,NA,No,NA,NA,Yes,No,NA
134,1980-01-01T00:00:00Z,6,en,973563978,Both are fine,No,Yes,No,Yes,No,Yes,No,Yes,No,No,Yes,No,Yes,Yes,No,NA,2,1,"I am learning R at the moment, and really need help (basic formation) to start to use it correctly.",Once every three months,Yes,"R for data analysis (biomarker selection, data visualisation, ...) need to learn about PCA, UMAP, volcano plot, heat map, data filtering, transformation, ...",No,I do not have the skills to mentor someone,NA,Yes,No,"Again, I do not have the knowledge to do this, unfortunately, ..."
135,1980-01-01T00:00:00Z,6,en,1654020017,Both are fine,Yes,Yes,Yes,Yes,No,Yes,Yes,No,No,Yes,Yes,Yes,No,Yes,No,Matlab,2,1,NA,Once every three months,Yes,NA,No,NA,NA,Yes,Yes,NA
136,1980-01-01T00:00:00Z,6,en,1227649145,English,Yes,No,Yes,Yes,No,No,Yes,No,No,No,Yes,Yes,Yes,No,No,NA,1,1,NA,Once a month,Yes,I am currently a PhD student in Translation Studies. I will be conducting a questionnaire (closed-ended questions) and interviews (open-ended questions).,No,NA,NA,Yes,No,NA
137,1980-01-01T00:00:00Z,6,en,795406400,Both are fine,No,Yes,Yes,No,Yes,Yes,No,Yes,Yes,No,No,No,Yes,Yes,No,NA,2,3,NA,Once every three months,No,NA,No,NA,NA,Yes,No,NA
139,1980-01-01T00:00:00Z,6,en,1735564320,Both are fine,No,Yes,Yes,No,No,Yes,Yes,No,No,No,No,No,Yes,No,No,NA,4,1,NA,Once a month,Yes,Longitudinal analysis,Yes,Social Sciences,NA,Yes,No,NA
140,1980-01-01T00:00:00Z,6,en,1278079763,English,Yes,Yes,No,Yes,No,Yes,No,No,No,No,No,Yes,Yes,Yes,No,NA,3,2,NA,Once a month,No,NA,No,NA,NA,Yes,Yes,NA
142,1980-01-01T00:00:00Z,6,en,1786537711,Both are fine,Yes,Yes,No,Yes,No,No,Yes,Yes,Yes,No,Yes,Yes,No,Yes,No,NA,1,3,NA,Once every three months,Yes,NA,No,"Not proficirnt enought to 'mentor' somebody, but happy to share",NA,Yes,Yes,NA
143,1980-01-01T00:00:00Z,6,en,1298514842,French,Yes,Yes,No,No,Yes,Yes,No,Yes,No,No,Yes,Yes,Yes,Yes,No,NA,3,1,NA,Once a month,Yes,"I would like to develop my skills in more complex analyses for instance fMRI analyses (PCA, ICA...), EEG analyses, as well as factor analysis, structural equation modeling. I would also like to develop better habits and methods and learn how to use version control properly.
I learned code in R on my own during a research project and I am trying to follow some online courses (MOOC) to get back to the basics but I would very much like to be mentored to have more advice.
I work in psychology & neuroscience",No,I don't feel I have enough knowledge and competencies to mentor another person. But would love to do so if I improve in these areas,NA,Yes,Yes,I found nice MOOC courses online for tidyverse on R and a book linked to that
144,1980-01-01T00:00:00Z,6,en,965487799,English,Yes,Yes,Yes,Yes,No,Yes,Yes,No,No,No,Yes,Yes,Yes,Yes,No,NA,2,1,"For R I'm taking an online course in Codecademy platform and I started using RStudio to write very basic codes in my own data but I would like to practice more and interact with people who are also using it.
For Python, I started an introductory course but I've never used it.",Once a month,Yes,I would like to interact with other users and discuss different ways to write codes as well as getting help when I can't figure out why my code is not correct,Yes,"I'm open to help, but right now I don't have the skills yet.
However, if I can help I would like to, I think we learn better with other people",NA,Yes,Yes,When I come across freely and legally available resources I will share them with the community
145,1980-01-01T00:00:00Z,6,en,1953395614,Both are fine,Yes,Yes,Yes,No,Yes,Yes,No,Yes,Yes,Yes,Yes,Yes,Yes,Yes,No,NA,2,3,NA,Once a month,No,NA,No,NA,NA,Yes,Yes,NA
147,1980-01-01T00:00:00Z,6,en,722621750,Both are fine,Yes,Yes,Yes,Yes,Yes,Yes,No,No,No,Yes,No,No,Yes,Yes,No,NA,3,3,NA,Once a month,No,NA,No,NA,NA,Yes,No,NA
148,1980-01-01T00:00:00Z,6,en,1233804178,English,Yes,Yes,Yes,Yes,Yes,No,Yes,No,Yes,Yes,No,No,Yes,Yes,No,NA,5,2,NA,Once every three months,No,NA,Yes,I'm pretty good with R in general and would be happy to share some knowledge provided it doesn't take up too much of my time.,NA,Yes,No,NA
149,1980-01-01T00:00:00Z,6,en,2044739203,English,Yes,Yes,No,Yes,No,Yes,No,No,No,No,Yes,Yes,Yes,Yes,No,NA,1,1,NA,Once a month,Yes,Start from scratch to really understand.,Yes,I am open but I don't have any experience on this :(,NA,Yes,Yes,NA
150,1980-01-01T00:00:00Z,6,en,133720372,English,Yes,Yes,Yes,Yes,No,Yes,Yes,No,No,No,No,Yes,Yes,Yes,No,NA,4,1,NA,Once a month,No,NA,No,NA,NA,Yes,No,NA
151,1980-01-01T00:00:00Z,6,en,1592414774,English,Yes,No,No,Yes,No,Yes,No,No,Yes,Yes,No,Yes,No,Yes,No,NA,1,3,"I have significant exerience coding in MATLAB, but recently transitioned to Python based programming, and so I want to mainly increase my python based programming skills.",Once every three months,No,"Possibly (there was only yes or no), but only so much so as to specifically help with my project goals, as I do not have much bandwidth outside of that at the moment.",Yes,"I am not sure if I have enough knowledg to mentor someone else at te moment, but in the future once I feel confortable enough in the languages I would be happy to.",NA,Yes,Yes,NA
152,1980-01-01T00:00:00Z,6,en,1912994137,French,No,Yes,No,No,Yes,Yes,No,No,No,No,No,No,Yes,Yes,No,NA,3,1,NA,Once a month,Yes,It could be interesting to discuss about data I collected to be sure that i'm doing the good analysis; also to check if what i'm doing seems to be good (in a script).,No,I'm not good enough,NA,Yes,No,NA
153,1980-01-01T00:00:00Z,6,en,642134388,Both are fine,Yes,Yes,Yes,Yes,No,No,Yes,No,Yes,No,No,Yes,Yes,No,No,NA,3,1,NA,Once a month,Yes,"I would like to hear more about this. I'm currently taking a intermediate R course to continue learning, but I would like to apply what I'm learning on research. Right now, I work mostly on epidemiological studies, focusing on Global Health.",No,I feel I need to develop my skills before I can mentor someone.,NA,Yes,Yes,"I found a really nice video on gtsummary (https://www.youtube.com/watch?v=ko9vCHYJD7Q). For me, it was mind-blowing"
156,1980-01-01T00:00:00Z,6,en,835151809,English,Yes,Yes,Yes,Yes,No,Yes,No,Yes,Yes,Yes,No,Yes,Yes,No,No,NA,1,1,NA,Once a month,Yes,"Economics, previous knowledge of Stata",No,NA,NA,Yes,No,NA
158,1980-01-01T00:00:00Z,6,en,2051347508,English,Yes,Yes,No,Yes,Yes,No,No,No,No,No,No,No,Yes,Yes,No,NA,3,2,NA,Once every three months,No,NA,No,NA,NA,Yes,Yes,NA
160,1980-01-01T00:00:00Z,6,en,1791336169,English,No,No,No,Yes,No,No,Yes,Yes,No,No,No,No,No,Yes,No,NA,3,1,I have taken an online course including R in my faculty,Once a month,Yes,NA,Yes,NA,NA,Yes,Yes,NA
161,1980-01-01T00:00:00Z,6,en,2000993996,English,Yes,No,No,No,No,Yes,Yes,Yes,No,Yes,No,No,Yes,Yes,Yes,NA,1,4,NA,Once a month,Yes,NA,No,NA,NA,Yes,Yes,NA
162,1980-01-01T00:00:00Z,6,en,2096881608,Both are fine,Yes,Yes,Yes,Yes,Yes,Yes,Yes,Yes,Yes,Yes,Yes,Yes,Yes,Yes,No,NA,2,1,"As I use only occasionally R, I tend to forget from one time to another what the code is and how to use it. However, when I'm in a statistical spree just like now, my basic programming level is quite alright.

Nevertheless, what I would like to be able to do is to get entirely rid of MS Word and use only R/RStudio/Quarto Markdown to write an article manuscript and to integrate Zotero. This would not only allow me to use open-source software (vs closed source like MS Word), but I would remain in the R programming sphere which would allow me to keep up the level.",Once a month,Yes,"I am currently trying to realise a doctorate in psychology.

I try to use both frequentist and bayesian stats. I mainly carry out descriptive and inferential stats with emphasis on Cluster Analysis, Latent Class Analysis, Factor Analysis/Principal Component Analysis, Structural Equation Modelling.

Ideally, I would like to get rid of (or use as little as possible MS Word) in favour of R/RStudio/Quarto Markdown with APA 7 and Zotero integration (latter two are essential).",No,"I would love to, however I think I simply don't have the capacity to do it (not enough knowledge). However, I tend to write down and source everything I find/use (great to create manuals and checklists that I share with great enthusiasm).",NA,Yes,Yes,"As mentioned earlier, I tend to write down and source everything. This material can be used to create instruction manuals and/or checklists (I am currently trying to write with the help of another student a step-by-step checklist on how to prepare a systematic review of the literature)."
163,1980-01-01T00:00:00Z,6,en,233502148,Both are fine,Yes,Yes,Yes,Yes,No,No,Yes,No,No,No,No,No,Yes,No,No,NA,1,1,NA,Once every three months,Yes,I need to analyse a lot of quantitative data from different biological experiments. I need more knowledge to know which is the best test to use everytime.,No,NA,NA,Yes,No,NA
164,1980-01-01T00:00:00Z,6,en,1835418523,English,Yes,Yes,No,Yes,No,Yes,Yes,Yes,No,No,No,Yes,Yes,No,No,NA,3,2,I have taken master's and doctoral level modules in statistics using R.,Once a month,Yes,NA,No,NA,NA,Yes,Yes,NA
166,1980-01-01T00:00:00Z,6,en,1931274875,Both are fine,Yes,Yes,Yes,Yes,No,Yes,No,No,No,No,Yes,Yes,Yes,No,No,Matematica,1,1,NA,Once a month,Yes,Ecology and parasitic interaction depending on temperature. I would like to improve basic statistical analysis and gain skills in mechanistic models building.,No,NA,NA,Yes,No,NA
167,1980-01-01T00:00:00Z,6,en,1990593791,Both are fine,No,No,No,Yes,Yes,Yes,No,No,No,Yes,No,No,Yes,Yes,No,NA,3,1,NA,Once every three months,Yes,"Working in Cognitive Psychology, I need to develop an efficient way of writing code. I can write lines of code that will do the job, but that are clearly way too long and not clear enough for an efficient code-sharing. I tried a few different courses, but they never quite answered this question and it is often that when I dig into my data, I have very specific questions that emerge after the courses. I can search/find responses on the web (chatGPT or other), but it just give a specific answer, no help on how to more globally think about the structure of a code. Would be very helpful to have a reference expert to whom I could ask those kind of questions, or who could give me refs or advices on which course would be best for my needs.",No,"Not yet, but why not when I would have gained expertise, just to give back the help I might have received",NA,Yes,Yes,"First that come to my mind is https://statisticsglobe.com/, I would need to go back into my notes to find others I have used in the past"
168,1980-01-01T00:00:00Z,6,en,1621645389,English,No,Yes,Yes,Yes,No,Yes,Yes,No,No,No,No,No,Yes,No,No,NA,2,1,I have experience using STATA,Once a month,No,NA,No,NA,NA,Yes,No,NA
171,1980-01-01T00:00:00Z,6,en,947050375,French,Yes,No,No,Yes,No,No,No,No,No,No,No,Yes,Yes,No,No,NA,3,1,NA,Once a month,Yes,"Biology, molecular biology",No,NA,NA,Yes,Yes,NA
174,1980-01-01T00:00:00Z,6,en,1463459821,English,No,No,Yes,No,No,No,No,Yes,Yes,Yes,No,No,No,Yes,No,NA,2,4,With 5 years of industry experience in Python,Once every three months,Yes,NA,Yes,NA,NA,Yes,No,NA
175,1980-01-01T00:00:00Z,6,en,781095243,Both are fine,Yes,Yes,No,Yes,Yes,Yes,No,No,No,Yes,Yes,Yes,Yes,Yes,No,NA,3,1,NA,Once a month,Yes,NA,No,NA,NA,No,No,NA
176,1980-01-01T00:00:00Z,6,en,538754401,English,Yes,Yes,No,Yes,No,Yes,No,No,No,No,No,Yes,Yes,Yes,No,NA,1,1,NA,Once a month,Yes,I am a PhD student in developmental neuroscience and I would be needing to delve into spatial transcriptomics and sc/snRNASeq data analysis and related statistics in general.,No,NA,NA,Yes,Yes,NA
177,1980-01-01T00:00:00Z,6,en,2025806627,English,Yes,Yes,Yes,Yes,No,No,Yes,No,Yes,No,No,Yes,Yes,Yes,No,NA,1,1,"As a researcher, I am not skilled in either statistics nor the programming language but I would like to master both skills.",Once a month,Yes,I would appreciate been mentored as a beginner in the subject,No,I am not skilled enough (in the subject) to mentor another student,NA,Yes,Yes,I would love to share the resources
178,1980-01-01T00:00:00Z,6,en,1385003422,English,Yes,Yes,Yes,Yes,No,Yes,No,No,No,No,No,No,Yes,No,No,NA,2,1,NA,Once a month,Yes,"Advanced quantitative data analysis (linear mixed models and latent variable modeling for longitudinal data, latent class analyses)",No,NA,NA,Yes,Yes,NA
180,1980-01-01T00:00:00Z,6,en,1823521915,Both are fine,Yes,Yes,No,Yes,Yes,No,No,No,No,No,No,No,Yes,Yes,No,NA,4,2,NA,Once a month,No,NA,No,NA,NA,Yes,Yes,NA
181,1980-01-01T00:00:00Z,6,en,467162145,Both are fine,No,Yes,No,Yes,No,No,Yes,No,No,No,No,No,Yes,No,No,NA,3,1,NA,Once a month,Yes,"I'm interested in R for analysis of data related to political science, international relations and international political economy fields.",No,NA,NA,Yes,Yes,https://r4ds.hadley.nz/ R for Data Science is a very useful free tool too learn about R and statistics.
184,1980-01-01T00:00:00Z,6,en,1411254386,French,Yes,No,No,Yes,No,No,No,No,No,No,No,Yes,Yes,No,No,NA,2,1,NA,Once per semester,Yes,NA,No,NA,NA,Yes,Yes,NA
185,1980-01-01T00:00:00Z,6,en,880855964,French,Yes,Yes,Yes,Yes,Yes,Yes,No,No,Yes,No,No,No,Yes,No,No,NA,2,1,NA,Once a month,Yes,I am a PhD in environmental sciences and I'll need help for data analysis because this is a new field for me. I'll need help to get knowledge on basic steps.,No,I have not enough knowledge to be a mentor.,NA,Yes,No,NA
186,1980-01-01T00:00:00Z,6,en,1676457698,French,Yes,Yes,Yes,Yes,No,Yes,Yes,No,No,No,No,Yes,Yes,No,No,NA,3,1,NA,Once a month,Yes,analyses sequencing data,No,NA,NA,Yes,Yes,NA
190,1980-01-01T00:00:00Z,6,en,971490080,Both are fine,No,No,No,Yes,No,No,No,No,Yes,Yes,No,Yes,Yes,Yes,Yes,Matlab,1,1,NA,Once a month,Yes,A mentorship could be a motivation to discipline oneself into learning coding/data science.,No,"I don't have experience in coding, so I can't mentor someone else.",NA,Yes,Yes,"I haven't found any teaching material yet, but if I do, I'd be happy to share."
191,1980-01-01T00:00:00Z,6,en,77026298,Both are fine,No,No,Yes,Yes,No,No,Yes,No,No,No,Yes,Yes,Yes,No,No,NA,3,1,NA,Once every three months,No,"not at this time, but maybe in the future",No,NA,NA,Yes,No,NA
192,1980-01-01T00:00:00Z,6,en,121634391,English,No,No,No,Yes,No,No,No,No,No,Yes,Yes,Yes,No,Yes,No,fortran,1,3,NA,Once a month,Yes,I would like to learn how to improve my coding practices,No,NA,NA,Yes,Yes,NA
193,1980-01-01T00:00:00Z,6,en,638674010,Both are fine,Yes,Yes,Yes,Yes,No,Yes,No,No,No,No,No,No,Yes,No,No,NA,2,1,NA,Once a month,Yes,I need to improve my R programing skills,No,NA,NA,Yes,Yes,Didn't find something yet but I can sure share when needed
194,1980-01-01T00:00:00Z,6,en,1443146778,French,Yes,Yes,Yes,Yes,Yes,Yes,Yes,Yes,Yes,Yes,Yes,Yes,Yes,Yes,No,NA,4,2,NA,Once every three months,No,NA,No,NA,NA,Yes,No,NA
195,1980-01-01T00:00:00Z,6,en,328382495,English,Yes,Yes,Yes,Yes,No,Yes,Yes,Yes,No,No,Yes,No,Yes,No,No,NA,2,1,NA,Once a month,Yes,I would like to be mentored in using R,No,NA,NA,Yes,No,I don't think I have free resources to share (yet).
198,1980-01-01T00:00:00Z,6,en,1746140042,English,Yes,Yes,Yes,Yes,No,Yes,No,No,No,Yes,Yes,Yes,No,Yes,No,NA,1,4,"I have good experience in Python, MATLAB, and Fortran for both machine learning and white-box modeling",Once a month,No,NA,Yes,NA,NA,Yes,Yes,NA
199,1980-01-01T00:00:00Z,6,en,685393635,French,Yes,Yes,Yes,Yes,Yes,Yes,Yes,Yes,Yes,Yes,Yes,Yes,Yes,Yes,No,NA,2,1,NA,Once a month,Yes,In python,No,NA,NA,Yes,Yes,NA
201,1980-01-01T00:00:00Z,6,en,1769224913,French,Yes,Yes,Yes,Yes,No,No,No,No,No,No,No,No,Yes,Yes,No,NA,4,1,NA,Once a month,No,NA,No,NA,NA,Yes,Yes,NA
202,1980-01-01T00:00:00Z,6,en,2064462807,Both are fine,Yes,Yes,Yes,Yes,Yes,Yes,Yes,Yes,Yes,Yes,Yes,Yes,Yes,Yes,No,NA,3,2,NA,Once every three months,No,NA,No,NA,NA,No,No,NA
203,1980-01-01T00:00:00Z,6,en,344855325,French,No,No,No,Yes,No,Yes,No,No,No,No,No,No,Yes,Yes,No,NA,2,1,NA,Once every three months,Yes,It would be intereting to be mentored by someone in the same discipline,No,I don't have enough experience,NA,Yes,Yes,NA
206,1980-01-01T00:00:00Z,6,en,355876528,Both are fine,Yes,Yes,Yes,Yes,No,Yes,No,No,No,No,No,No,Yes,No,No,NA,4,2,NA,Once every three months,No,NA,No,NA,NA,Yes,No,NA
207,1980-01-01T00:00:00Z,6,en,297090498,French,No,Yes,Yes,Yes,No,No,Yes,Yes,No,No,Yes,Yes,Yes,Yes,No,NA,1,1,"In my previous job positions I worked as a programmer analyst with now obsolete languages such as Cobol, ABAP and C++. So I have some programming experience, but none in the languages you propose above.",Once every three months,No,I love trying by myself. I'm interested in sharing our experience with a community of practice,No,NA,NA,Yes,Yes,I'm an absolute beginner  so far !
208,1980-01-01T00:00:00Z,6,en,2098313431,Both are fine,Yes,Yes,Yes,No,No,Yes,Yes,Yes,No,No,Yes,Yes,No,Yes,No,"not really using them, only Stata and SPSS syntax",2,2,NA,Once every three months,Yes,"might be, especially for multilevel modeling",Yes,"I am more into standard social science analysis, regression models, but also longitudinal fixed & random effect models",NA,Yes,Yes,I could share some mixed-method practices
209,1980-01-01T00:00:00Z,6,en,2059641594,French,Yes,No,No,Yes,No,Yes,No,No,No,No,No,Yes,Yes,Yes,No,NA,1,2,NA,Once a month,Yes,NA,No,NA,NA,Yes,Yes,NA
